"STUDYID","USUBJID","TRT01P","AGE","SEX","T2DFL","HEIGHTCM"
"SYNTH-OBT2D-26","SYNTH-001","ARM C",64,"M","Y",174
"SYNTH-OBT2D-26","SYNTH-002","ARM B",67,"F","Y",168
"SYNTH-OBT2D-26","SYNTH-003","ARM C",51,"F","Y",158
"SYNTH-OBT2D-26","SYNTH-004","ARM B",50,"F","Y",175
"SYNTH-OBT2D-26","SYNTH-005","ARM C",50,"F","Y",174
"SYNTH-OBT2D-26","SYNTH-006","ARM C",63,"M","Y",161
"SYNTH-OBT2D-26","SYNTH-007","ARM A",39,"M","Y",177
"SYNTH-OBT2D-26","SYNTH-008","ARM C",36,"F","Y",161
"SYNTH-OBT2D-26","SYNTH-009","ARM A",50,"M","Y",170
"SYNTH-OBT2D-26","SYNTH-010","ARM C",67,"F","Y",169
"SYNTH-OBT2D-26","SYNTH-011","ARM C",74,"F","Y",177
"SYNTH-OBT2D-26","SYNTH-012","ARM C",35,"M","Y",181
"SYNTH-OBT2D-26","SYNTH-013","ARM C",31,"M","Y",171
"SYNTH-OBT2D-26","SYNTH-014","ARM B",49,"F","Y",184
"SYNTH-OBT2D-26","SYNTH-015","ARM C",35,"M","Y",175
"SYNTH-OBT2D-26","SYNTH-016","ARM B",73,"M","Y",152
"SYNTH-OBT2D-26","SYNTH-017","ARM C",50,"F","Y",180
"SYNTH-OBT2D-26","SYNTH-018","ARM C",60,"F","Y",152
"SYNTH-OBT2D-26","SYNTH-019","ARM A",50,"F","Y",183
"SYNTH-OBT2D-26","SYNTH-020","ARM B",31,"M","Y",176
"SYNTH-OBT2D-26","SYNTH-021","ARM A",39,"M","Y",176
"SYNTH-OBT2D-26","SYNTH-022","ARM A",49,"F","Y",169
"SYNTH-OBT2D-26","SYNTH-023","ARM B",33,"F","Y",168
"SYNTH-OBT2D-26","SYNTH-024","ARM C",36,"F","Y",169
"SYNTH-OBT2D-26","SYNTH-025","ARM B",57,"F","Y",185
"SYNTH-OBT2D-26","SYNTH-026","ARM C",58,"M","Y",162
"SYNTH-OBT2D-26","SYNTH-027","ARM B",42,"M","Y",177
"SYNTH-OBT2D-26","SYNTH-028","ARM B",71,"F","Y",182
"SYNTH-OBT2D-26","SYNTH-029","ARM B",74,"F","Y",171
"SYNTH-OBT2D-26","SYNTH-030","ARM C",62,"M","Y",161
"SYNTH-OBT2D-26","SYNTH-031","ARM A",68,"F","Y",168
"SYNTH-OBT2D-26","SYNTH-032","ARM A",72,"F","Y",187
"SYNTH-OBT2D-26","SYNTH-033","ARM A",51,"M","Y",177
"SYNTH-OBT2D-26","SYNTH-034","ARM A",61,"F","Y",178
"SYNTH-OBT2D-26","SYNTH-035","ARM B",68,"M","Y",159
"SYNTH-OBT2D-26","SYNTH-036","ARM C",71,"M","Y",154
"SYNTH-OBT2D-26","SYNTH-037","ARM B",33,"F","Y",174
"SYNTH-OBT2D-26","SYNTH-038","ARM A",42,"M","Y",158
"SYNTH-OBT2D-26","SYNTH-039","ARM C",60,"M","Y",163
"SYNTH-OBT2D-26","SYNTH-040","ARM A",69,"F","Y",163
"SYNTH-OBT2D-26","SYNTH-041","ARM A",57,"F","Y",175
"SYNTH-OBT2D-26","SYNTH-042","ARM A",73,"F","Y",161
"SYNTH-OBT2D-26","SYNTH-043","ARM B",35,"F","Y",175
"SYNTH-OBT2D-26","SYNTH-044","ARM A",51,"F","Y",179
"SYNTH-OBT2D-26","SYNTH-045","ARM B",69,"M","Y",174
"SYNTH-OBT2D-26","SYNTH-046","ARM B",39,"M","Y",159
"SYNTH-OBT2D-26","SYNTH-047","ARM B",36,"M","Y",169
"SYNTH-OBT2D-26","SYNTH-048","ARM A",74,"F","Y",177
"SYNTH-OBT2D-26","SYNTH-049","ARM C",63,"M","Y",172
"SYNTH-OBT2D-26","SYNTH-050","ARM C",61,"M","Y",188
"SYNTH-OBT2D-26","SYNTH-051","ARM A",57,"F","Y",163
"SYNTH-OBT2D-26","SYNTH-052","ARM C",55,"M","Y",152
"SYNTH-OBT2D-26","SYNTH-053","ARM A",47,"F","Y",169
"SYNTH-OBT2D-26","SYNTH-054","ARM C",56,"M","Y",160
"SYNTH-OBT2D-26","SYNTH-055","ARM B",36,"F","Y",165
"SYNTH-OBT2D-26","SYNTH-056","ARM B",41,"M","Y",177
"SYNTH-OBT2D-26","SYNTH-057","ARM C",60,"M","Y",163
"SYNTH-OBT2D-26","SYNTH-058","ARM B",44,"M","Y",176
"SYNTH-OBT2D-26","SYNTH-059","ARM C",57,"F","Y",161
"SYNTH-OBT2D-26","SYNTH-060","ARM B",37,"F","Y",152
"SYNTH-OBT2D-26","SYNTH-061","ARM B",33,"M","Y",168
"SYNTH-OBT2D-26","SYNTH-062","ARM B",41,"F","Y",173
"SYNTH-OBT2D-26","SYNTH-063","ARM B",63,"F","Y",163
"SYNTH-OBT2D-26","SYNTH-064","ARM A",59,"F","Y",164
"SYNTH-OBT2D-26","SYNTH-065","ARM C",74,"M","Y",168
"SYNTH-OBT2D-26","SYNTH-066","ARM A",61,"F","Y",177
"SYNTH-OBT2D-26","SYNTH-067","ARM C",63,"F","Y",179
"SYNTH-OBT2D-26","SYNTH-068","ARM B",30,"F","Y",153
"SYNTH-OBT2D-26","SYNTH-069","ARM C",44,"F","Y",163
"SYNTH-OBT2D-26","SYNTH-070","ARM B",52,"M","Y",173
"SYNTH-OBT2D-26","SYNTH-071","ARM B",69,"F","Y",174
"SYNTH-OBT2D-26","SYNTH-072","ARM C",58,"F","Y",184
"SYNTH-OBT2D-26","SYNTH-073","ARM B",61,"M","Y",163
"SYNTH-OBT2D-26","SYNTH-074","ARM A",42,"M","Y",166
"SYNTH-OBT2D-26","SYNTH-075","ARM C",32,"F","Y",165
"SYNTH-OBT2D-26","SYNTH-076","ARM C",35,"F","Y",169
"SYNTH-OBT2D-26","SYNTH-077","ARM A",34,"F","Y",167
"SYNTH-OBT2D-26","SYNTH-078","ARM C",36,"M","Y",178
"SYNTH-OBT2D-26","SYNTH-079","ARM A",75,"F","Y",168
"SYNTH-OBT2D-26","SYNTH-080","ARM C",30,"M","Y",177
"SYNTH-OBT2D-26","SYNTH-081","ARM B",69,"M","Y",161
"SYNTH-OBT2D-26","SYNTH-082","ARM C",46,"F","Y",181
"SYNTH-OBT2D-26","SYNTH-083","ARM A",74,"F","Y",168
"SYNTH-OBT2D-26","SYNTH-084","ARM B",52,"F","Y",158
"SYNTH-OBT2D-26","SYNTH-085","ARM B",73,"F","Y",183
"SYNTH-OBT2D-26","SYNTH-086","ARM C",32,"M","Y",166
"SYNTH-OBT2D-26","SYNTH-087","ARM B",48,"F","Y",161
"SYNTH-OBT2D-26","SYNTH-088","ARM B",44,"F","Y",172
"SYNTH-OBT2D-26","SYNTH-089","ARM A",30,"M","Y",170
"SYNTH-OBT2D-26","SYNTH-090","ARM A",69,"M","Y",160
"SYNTH-OBT2D-26","SYNTH-091","ARM A",64,"M","Y",167
"SYNTH-OBT2D-26","SYNTH-092","ARM B",35,"F","Y",183
"SYNTH-OBT2D-26","SYNTH-093","ARM B",56,"M","Y",175
"SYNTH-OBT2D-26","SYNTH-094","ARM A",41,"F","Y",172
"SYNTH-OBT2D-26","SYNTH-095","ARM A",38,"F","Y",171
"SYNTH-OBT2D-26","SYNTH-096","ARM A",66,"F","Y",168
"SYNTH-OBT2D-26","SYNTH-097","ARM B",40,"F","Y",180
"SYNTH-OBT2D-26","SYNTH-098","ARM B",50,"F","Y",169
"SYNTH-OBT2D-26","SYNTH-099","ARM B",45,"F","Y",163
"SYNTH-OBT2D-26","SYNTH-100","ARM C",52,"F","Y",160
"SYNTH-OBT2D-26","SYNTH-101","ARM C",72,"F","Y",186
"SYNTH-OBT2D-26","SYNTH-102","ARM B",45,"M","Y",168
"SYNTH-OBT2D-26","SYNTH-103","ARM B",35,"M","Y",176
"SYNTH-OBT2D-26","SYNTH-104","ARM A",73,"M","Y",179
"SYNTH-OBT2D-26","SYNTH-105","ARM B",49,"F","Y",164
"SYNTH-OBT2D-26","SYNTH-106","ARM B",35,"M","Y",152
"SYNTH-OBT2D-26","SYNTH-107","ARM C",71,"F","Y",159
"SYNTH-OBT2D-26","SYNTH-108","ARM C",43,"F","Y",178
"SYNTH-OBT2D-26","SYNTH-109","ARM C",39,"F","Y",156
"SYNTH-OBT2D-26","SYNTH-110","ARM A",67,"M","Y",154
"SYNTH-OBT2D-26","SYNTH-111","ARM C",51,"M","Y",181
"SYNTH-OBT2D-26","SYNTH-112","ARM C",61,"F","Y",193
"SYNTH-OBT2D-26","SYNTH-113","ARM B",71,"F","Y",181
"SYNTH-OBT2D-26","SYNTH-114","ARM C",47,"F","Y",171
"SYNTH-OBT2D-26","SYNTH-115","ARM B",52,"F","Y",162
"SYNTH-OBT2D-26","SYNTH-116","ARM A",36,"F","Y",178
"SYNTH-OBT2D-26","SYNTH-117","ARM B",34,"F","Y",173
"SYNTH-OBT2D-26","SYNTH-118","ARM B",59,"F","Y",182
"SYNTH-OBT2D-26","SYNTH-119","ARM A",44,"M","Y",184
"SYNTH-OBT2D-26","SYNTH-120","ARM A",71,"M","Y",167
"SYNTH-OBT2D-26","SYNTH-121","ARM A",73,"M","Y",172
"SYNTH-OBT2D-26","SYNTH-122","ARM C",63,"M","Y",165
"SYNTH-OBT2D-26","SYNTH-123","ARM B",67,"F","Y",164
"SYNTH-OBT2D-26","SYNTH-124","ARM A",34,"M","Y",184
"SYNTH-OBT2D-26","SYNTH-125","ARM C",56,"M","Y",161
"SYNTH-OBT2D-26","SYNTH-126","ARM A",36,"M","Y",173
"SYNTH-OBT2D-26","SYNTH-127","ARM A",35,"M","Y",164
"SYNTH-OBT2D-26","SYNTH-128","ARM A",33,"M","Y",164
"SYNTH-OBT2D-26","SYNTH-129","ARM A",45,"M","Y",175
"SYNTH-OBT2D-26","SYNTH-130","ARM A",53,"M","Y",163
"SYNTH-OBT2D-26","SYNTH-131","ARM B",58,"F","Y",170
"SYNTH-OBT2D-26","SYNTH-132","ARM B",55,"M","Y",189
"SYNTH-OBT2D-26","SYNTH-133","ARM B",52,"M","Y",161
"SYNTH-OBT2D-26","SYNTH-134","ARM B",45,"M","Y",179
"SYNTH-OBT2D-26","SYNTH-135","ARM A",68,"F","Y",169
"SYNTH-OBT2D-26","SYNTH-136","ARM A",49,"F","Y",174
"SYNTH-OBT2D-26","SYNTH-137","ARM C",58,"F","Y",169
"SYNTH-OBT2D-26","SYNTH-138","ARM C",38,"F","Y",166
"SYNTH-OBT2D-26","SYNTH-139","ARM B",72,"F","Y",162
"SYNTH-OBT2D-26","SYNTH-140","ARM A",38,"F","Y",169
"SYNTH-OBT2D-26","SYNTH-141","ARM A",33,"M","Y",174
"SYNTH-OBT2D-26","SYNTH-142","ARM B",72,"F","Y",170
"SYNTH-OBT2D-26","SYNTH-143","ARM C",47,"F","Y",164
"SYNTH-OBT2D-26","SYNTH-144","ARM A",60,"M","Y",171
"SYNTH-OBT2D-26","SYNTH-145","ARM C",71,"F","Y",171
"SYNTH-OBT2D-26","SYNTH-146","ARM C",60,"M","Y",173
"SYNTH-OBT2D-26","SYNTH-147","ARM A",70,"F","Y",178
"SYNTH-OBT2D-26","SYNTH-148","ARM C",32,"M","Y",176
"SYNTH-OBT2D-26","SYNTH-149","ARM A",42,"M","Y",160
"SYNTH-OBT2D-26","SYNTH-150","ARM C",34,"F","Y",176
"SYNTH-OBT2D-26","SYNTH-151","ARM C",70,"F","Y",179
"SYNTH-OBT2D-26","SYNTH-152","ARM B",33,"M","Y",172
"SYNTH-OBT2D-26","SYNTH-153","ARM B",43,"M","Y",170
"SYNTH-OBT2D-26","SYNTH-154","ARM A",58,"M","Y",170
"SYNTH-OBT2D-26","SYNTH-155","ARM C",68,"M","Y",165
"SYNTH-OBT2D-26","SYNTH-156","ARM A",62,"F","Y",164
"SYNTH-OBT2D-26","SYNTH-157","ARM B",65,"F","Y",155
"SYNTH-OBT2D-26","SYNTH-158","ARM A",39,"F","Y",169
"SYNTH-OBT2D-26","SYNTH-159","ARM C",69,"M","Y",171
"SYNTH-OBT2D-26","SYNTH-160","ARM C",66,"F","Y",166
"SYNTH-OBT2D-26","SYNTH-161","ARM B",60,"F","Y",178
"SYNTH-OBT2D-26","SYNTH-162","ARM B",55,"F","Y",176
"SYNTH-OBT2D-26","SYNTH-163","ARM B",36,"M","Y",172
"SYNTH-OBT2D-26","SYNTH-164","ARM A",72,"F","Y",158
"SYNTH-OBT2D-26","SYNTH-165","ARM C",72,"F","Y",174
"SYNTH-OBT2D-26","SYNTH-166","ARM B",43,"M","Y",177
"SYNTH-OBT2D-26","SYNTH-167","ARM C",75,"F","Y",187
"SYNTH-OBT2D-26","SYNTH-168","ARM A",49,"F","Y",162
"SYNTH-OBT2D-26","SYNTH-169","ARM A",69,"F","Y",171
"SYNTH-OBT2D-26","SYNTH-170","ARM B",49,"M","Y",166
"SYNTH-OBT2D-26","SYNTH-171","ARM B",37,"F","Y",161
"SYNTH-OBT2D-26","SYNTH-172","ARM C",30,"M","Y",162
"SYNTH-OBT2D-26","SYNTH-173","ARM A",33,"F","Y",164
"SYNTH-OBT2D-26","SYNTH-174","ARM C",31,"M","Y",157
"SYNTH-OBT2D-26","SYNTH-175","ARM A",48,"M","Y",171
"SYNTH-OBT2D-26","SYNTH-176","ARM C",50,"F","Y",168
"SYNTH-OBT2D-26","SYNTH-177","ARM A",66,"F","Y",176
"SYNTH-OBT2D-26","SYNTH-178","ARM C",69,"F","Y",191
"SYNTH-OBT2D-26","SYNTH-179","ARM C",70,"F","Y",181
"SYNTH-OBT2D-26","SYNTH-180","ARM A",41,"F","Y",159
"SYNTH-OBT2D-26","SYNTH-181","ARM A",68,"F","Y",176
"SYNTH-OBT2D-26","SYNTH-182","ARM C",74,"F","Y",166
"SYNTH-OBT2D-26","SYNTH-183","ARM A",44,"M","Y",161
"SYNTH-OBT2D-26","SYNTH-184","ARM C",64,"M","Y",165
"SYNTH-OBT2D-26","SYNTH-185","ARM B",49,"F","Y",169
"SYNTH-OBT2D-26","SYNTH-186","ARM B",32,"F","Y",168
"SYNTH-OBT2D-26","SYNTH-187","ARM C",58,"M","Y",185
"SYNTH-OBT2D-26","SYNTH-188","ARM B",70,"M","Y",168
"SYNTH-OBT2D-26","SYNTH-189","ARM A",70,"F","Y",170
"SYNTH-OBT2D-26","SYNTH-190","ARM B",72,"M","Y",160
"SYNTH-OBT2D-26","SYNTH-191","ARM A",48,"F","Y",176
"SYNTH-OBT2D-26","SYNTH-192","ARM C",45,"F","Y",172
"SYNTH-OBT2D-26","SYNTH-193","ARM A",48,"F","Y",177
"SYNTH-OBT2D-26","SYNTH-194","ARM A",40,"M","Y",175
"SYNTH-OBT2D-26","SYNTH-195","ARM B",35,"F","Y",158
"SYNTH-OBT2D-26","SYNTH-196","ARM C",68,"M","Y",161
"SYNTH-OBT2D-26","SYNTH-197","ARM A",39,"F","Y",162
"SYNTH-OBT2D-26","SYNTH-198","ARM A",57,"F","Y",152
