"USUBJID","TRT01A"
"SYNTH-001","Low Dose"
"SYNTH-002","Placebo"
"SYNTH-003","Low Dose"
"SYNTH-004","Placebo"
"SYNTH-005","Low Dose"
"SYNTH-006","Low Dose"
"SYNTH-007","High Dose"
"SYNTH-008","Low Dose"
"SYNTH-009","High Dose"
"SYNTH-010","Low Dose"
"SYNTH-011","Low Dose"
"SYNTH-012","Low Dose"
"SYNTH-013","Low Dose"
"SYNTH-014","Placebo"
"SYNTH-015","Low Dose"
"SYNTH-016","Placebo"
"SYNTH-017","Low Dose"
"SYNTH-018","Low Dose"
"SYNTH-019","High Dose"
"SYNTH-020","Placebo"
"SYNTH-021","High Dose"
"SYNTH-022","High Dose"
"SYNTH-023","Placebo"
"SYNTH-024","Low Dose"
"SYNTH-025","Placebo"
"SYNTH-026","Low Dose"
"SYNTH-027","Placebo"
"SYNTH-028","Placebo"
"SYNTH-029","Placebo"
"SYNTH-030","Low Dose"
"SYNTH-031","High Dose"
"SYNTH-032","High Dose"
"SYNTH-033","High Dose"
"SYNTH-034","High Dose"
"SYNTH-035","Placebo"
"SYNTH-036","Low Dose"
"SYNTH-037","Placebo"
"SYNTH-038","High Dose"
"SYNTH-039","Low Dose"
"SYNTH-040","High Dose"
"SYNTH-041","High Dose"
"SYNTH-042","High Dose"
"SYNTH-043","Placebo"
"SYNTH-044","High Dose"
"SYNTH-045","Placebo"
"SYNTH-046","Placebo"
"SYNTH-047","Placebo"
"SYNTH-048","High Dose"
"SYNTH-049","Low Dose"
"SYNTH-050","Low Dose"
"SYNTH-051","High Dose"
"SYNTH-052","Low Dose"
"SYNTH-053","High Dose"
"SYNTH-054","Low Dose"
"SYNTH-055","Placebo"
"SYNTH-056","Placebo"
"SYNTH-057","Low Dose"
"SYNTH-058","Placebo"
"SYNTH-059","Low Dose"
"SYNTH-060","Placebo"
"SYNTH-061","Placebo"
"SYNTH-062","Placebo"
"SYNTH-063","Placebo"
"SYNTH-064","High Dose"
"SYNTH-065","Low Dose"
"SYNTH-066","High Dose"
"SYNTH-067","Low Dose"
"SYNTH-068","Placebo"
"SYNTH-069","Low Dose"
"SYNTH-070","Placebo"
"SYNTH-071","Placebo"
"SYNTH-072","Low Dose"
"SYNTH-073","Placebo"
"SYNTH-074","High Dose"
"SYNTH-075","Low Dose"
"SYNTH-076","Low Dose"
"SYNTH-077","High Dose"
"SYNTH-078","Low Dose"
"SYNTH-079","High Dose"
"SYNTH-080","Low Dose"
"SYNTH-081","Placebo"
"SYNTH-082","Low Dose"
"SYNTH-083","High Dose"
"SYNTH-084","Placebo"
"SYNTH-085","Placebo"
"SYNTH-086","Low Dose"
"SYNTH-087","Placebo"
"SYNTH-088","Placebo"
"SYNTH-089","High Dose"
"SYNTH-090","High Dose"
"SYNTH-091","High Dose"
"SYNTH-092","Placebo"
"SYNTH-093","Placebo"
"SYNTH-094","High Dose"
"SYNTH-095","High Dose"
"SYNTH-096","High Dose"
"SYNTH-097","Placebo"
"SYNTH-098","Placebo"
"SYNTH-099","Placebo"
"SYNTH-100","Low Dose"
"SYNTH-101","Low Dose"
"SYNTH-102","Placebo"
"SYNTH-103","Placebo"
"SYNTH-104","High Dose"
"SYNTH-105","Placebo"
"SYNTH-106","Placebo"
"SYNTH-107","Low Dose"
"SYNTH-108","Low Dose"
"SYNTH-109","Low Dose"
"SYNTH-110","High Dose"
"SYNTH-111","Low Dose"
"SYNTH-112","Low Dose"
"SYNTH-113","Placebo"
"SYNTH-114","Low Dose"
"SYNTH-115","Placebo"
"SYNTH-116","High Dose"
"SYNTH-117","Placebo"
"SYNTH-118","Placebo"
"SYNTH-119","High Dose"
"SYNTH-120","High Dose"
"SYNTH-121","High Dose"
"SYNTH-122","Low Dose"
"SYNTH-123","Placebo"
"SYNTH-124","High Dose"
"SYNTH-125","Low Dose"
"SYNTH-126","High Dose"
"SYNTH-127","High Dose"
"SYNTH-128","High Dose"
"SYNTH-129","High Dose"
"SYNTH-130","High Dose"
"SYNTH-131","Placebo"
"SYNTH-132","Placebo"
"SYNTH-133","Placebo"
"SYNTH-134","Placebo"
"SYNTH-135","High Dose"
"SYNTH-136","High Dose"
"SYNTH-137","Low Dose"
"SYNTH-138","Low Dose"
"SYNTH-139","Placebo"
"SYNTH-140","High Dose"
"SYNTH-141","High Dose"
"SYNTH-142","Placebo"
"SYNTH-143","Low Dose"
"SYNTH-144","High Dose"
"SYNTH-145","Low Dose"
"SYNTH-146","Low Dose"
"SYNTH-147","High Dose"
"SYNTH-148","Low Dose"
"SYNTH-149","High Dose"
"SYNTH-150","Low Dose"
"SYNTH-151","Low Dose"
"SYNTH-152","Placebo"
"SYNTH-153","Placebo"
"SYNTH-154","High Dose"
"SYNTH-155","Low Dose"
"SYNTH-156","High Dose"
"SYNTH-157","Placebo"
"SYNTH-158","High Dose"
"SYNTH-159","Low Dose"
"SYNTH-160","Low Dose"
"SYNTH-161","Placebo"
"SYNTH-162","Placebo"
"SYNTH-163","Placebo"
"SYNTH-164","High Dose"
"SYNTH-165","Low Dose"
"SYNTH-166","Placebo"
"SYNTH-167","Low Dose"
"SYNTH-168","High Dose"
"SYNTH-169","High Dose"
"SYNTH-170","Placebo"
"SYNTH-171","Placebo"
"SYNTH-172","Low Dose"
"SYNTH-173","High Dose"
"SYNTH-174","Low Dose"
"SYNTH-175","High Dose"
"SYNTH-176","Low Dose"
"SYNTH-177","High Dose"
"SYNTH-178","Low Dose"
"SYNTH-179","Low Dose"
"SYNTH-180","High Dose"
"SYNTH-181","High Dose"
"SYNTH-182","Low Dose"
"SYNTH-183","High Dose"
"SYNTH-184","Low Dose"
"SYNTH-185","Placebo"
"SYNTH-186","Placebo"
"SYNTH-187","Low Dose"
"SYNTH-188","Placebo"
"SYNTH-189","High Dose"
"SYNTH-190","Placebo"
"SYNTH-191","High Dose"
"SYNTH-192","Low Dose"
"SYNTH-193","High Dose"
"SYNTH-194","High Dose"
"SYNTH-195","Placebo"
"SYNTH-196","Low Dose"
"SYNTH-197","High Dose"
"SYNTH-198","High Dose"
